Accession	Title	Technology	Taxonomy	Data Rows	Samples Count	Series Count	Contact	Release Date
GPL1672	"Human 36mer genome tiling array HS_52472"	"in situ oligonucleotide"	"Homo sapiens"	389434	1	1	"Paul Bertone"	"Oct 29, 2004"
GPL1673	"Human 36mer genome tiling array HS_52473"	"in situ oligonucleotide"	"Homo sapiens"	389429	1	1	"Paul Bertone"	"Oct 29, 2004"
GPL1530	"RIKEN human 21K array"	"spotted DNA/cDNA"	"Homo sapiens"	21168	52	2	"Keiko Hiyama"	"Oct 28, 2004"
GPL1528	"NCI/ATC Hs-OperonV2"	"spotted oligonucleotide"	"Homo sapiens"	22242	1045	16	"David Petersen"	"Oct 27, 2004"
GPL1506	"CGH array LUMC, 1 Mb clone set"	"spotted DNA/cDNA"	"Homo sapiens"	3615	98	2	"Joana Cardoso"	"Oct 23, 2004"
GPL1521	"cDNA microarray quad 5000"	"spotted DNA/cDNA"	"Homo sapiens"	23040	48	2	"Chimene Moreilhon"	"Oct 23, 2004"
GPL1197	"Agilent Human 1A Oligo V2+UNC_custom array"	"in situ oligonucleotide"	"Homo sapiens"	26549	3	3	"Charles M. Perou"	"Oct 15, 2004"
GPL1488	"ResGen GF200 for RPE"	"spotted DNA/cDNA"	"Homo sapiens"	5352	20	1	"James T Handa"	"Oct 13, 2004"
GPL1485	"SAGE:17:NlaIII:Homo sapiens"	"SAGE NlaIII"	"Homo sapiens"	347210	177	17	"GEO"	"Oct 07, 2004"
GPL1475	"RNG-MRC_HU2k_v3"	"spotted DNA/cDNA"	"Homo sapiens"	13824	0	0	"Kevin Lebrigand"	"Oct 05, 2004"
GPL1198	"Protein Design Labs Hu03 Custom Affymetrix GeneChip Array"	"in situ oligonucleotide"	"Homo sapiens"	59381	213	2	"Jordan Hiller"	"Oct 01, 2004"
GPL1456	"RNG-MRC_HU25k_NICE"	"spotted oligonucleotide"	"Homo sapiens"	27648	299	26	"Kevin Lebrigand"	"Sep 23, 2004"
GPL1459	"RNG-MRC_HU2k_v1"	"spotted DNA/cDNA"	"Homo sapiens"	18432	0	0	"Kevin Lebrigand"	"Sep 23, 2004"
GPL1460	"RNG-MRC_HU2k_v2"	"spotted DNA/cDNA"	"Homo sapiens"	9216	0	0	"Kevin Lebrigand"	"Sep 23, 2004"
GPL1454	"RenLab ENCODE PCR tiling array"	"spotted DNA/cDNA"	"Homo sapiens"	25392	280	12	"Chunxu Qu"	"Sep 21, 2004"
GPL1453	"Mergen H05"	"spotted oligonucleotide"	"Homo sapiens"	12800	0	0	"Dan Luo"	"Sep 17, 2004"
GPL1426	"ABI Human Genome Survey Microarray Version 1"	"spotted oligonucleotide"	"Homo sapiens"	33202	146	13	"chunlin xiao"	"Sep 14, 2004"
GPL1391	"Mammalian microRNA array v4.0"	"spotted oligonucleotide"	"Homo sapiens;Mus musculus"	124	35	1	"Scott M Hammond"	"Sep 02, 2004"
GPL1423	"Meltzer Array UMB 2"	"spotted DNA/cDNA"	"Homo sapiens"	8192	24	1	"James Kaper"	"Sep 01, 2004"
GPL1417	"Barbry oligo 25000 nat"	"spotted oligonucleotide"	"Homo sapiens"	27648	5	1	"Chimene Moreilhon"	"Aug 26, 2004"
GPL1412	"PBRC_GCF 18K HUM OLIGO"	"spotted oligonucleotide"	"Homo sapiens"	21120	6	1	"Robert A. Koza"	"Aug 24, 2004"
GPL1411	"UTSW Human 22k Oligo spotted array"	"spotted oligonucleotide"	"Homo sapiens"	23232	5	1	"Patricia J Ayoubi"	"Aug 19, 2004"
GPL1405	"CCF Cancer cDNA Array"	"spotted DNA/cDNA"	"Homo sapiens"	9984	0	0	"Wenliang Li"	"Aug 14, 2004"
GPL1384	"DKFZ Operon 27k long oligonucleotide array"	"spotted oligonucleotide"	"Homo sapiens"	27648	32	2	"Joerg Schlingemann"	"Aug 04, 2004"
GPL1351	"Human MicroRNA Array V7.0"	"spotted oligonucleotide"	"Homo sapiens"	156	16	1	"Scott M Hammond"	"Jul 30, 2004"
GPL1387	"GeneMap Human CancerArray"	"spotted DNA/cDNA"	"Homo sapiens"	2304	4	1	"Andrew Snyder"	"Jul 30, 2004"
GPL1352	"[U133_X3P] Affymetrix Human X3P Array"	"in situ oligonucleotide"	"Homo sapiens"	61359	745	30	"Affymetrix, Inc."	"Jul 20, 2004"
GPL1313	"Amersham BioSciences CodeLinkTM Uniset Human 20K I Bioarray"	"spotted DNA/cDNA"	"Homo sapiens"	20470	38	2	"Ofer Mandelboim"	"Jul 04, 2004"
GPL1309	"microarray core facility of Nantes - West genopole"	"spotted oligonucleotide"	"Homo sapiens"	19200	8	1	"Nolwenn Le Meur"	"Jul 02, 2004"
GPL1290	"NCI cDNA array"	"spotted DNA/cDNA"	"Homo sapiens"	9706	64	1	"Jennifer Fostel"	"Jun 30, 2004"
GPL1301	"NHGRI Custom cDNA Microarray"	"spotted DNA/cDNA"	"Homo sapiens"	15616	28	4	"Jeff Kiefer"	"Jun 24, 2004"
GPL1291	"Hitachisoft AceGene Human Oligo Chip 30K 1 Chip Version"	"spotted oligonucleotide"	"Homo sapiens"	30336	1089	16	"Hitachi Software Engineering Co., Ltd."	"Jun 18, 2004"
GPL1293	"Hitachisoft AceGene Human Oligo Chip 30K Subset A"	"spotted oligonucleotide"	"Homo sapiens"	10368	111	3	"Hitachi Software Engineering Co., Ltd."	"Jun 18, 2004"
GPL1294	"Hitachisoft AceGene Human Oligo Chip 30K Subset B"	"spotted oligonucleotide"	"Homo sapiens"	10368	7	1	"Hitachi Software Engineering Co., Ltd."	"Jun 18, 2004"
GPL1295	"Hitachisoft AceGene Human Oligo Chip 30K Subset C"	"spotted oligonucleotide"	"Homo sapiens"	10368	7	1	"Hitachi Software Engineering Co., Ltd."	"Jun 18, 2004"
GPL1217	"Print214_NHGRI"	"spotted DNA/cDNA"	"Homo sapiens"	6485	4	1	"Sally Amundson"	"Jun 17, 2004"
GPL1223	"Arcturus 22k human oligonucleotide microarray"	"spotted oligonucleotide"	"Homo sapiens"	22575	120	2	"Xiao-Jun Ma"	"Jun 07, 2004"
GPL567	"UHN Microarray Centre - Single Spot Human 19K4"	"spotted DNA/cDNA"	"Homo sapiens"	19200	16	5	"Felix M. Mesak"	"Jun 04, 2004"
GPL1266	"[Mapping10K_Xba131] Affymetrix Human Mapping 10K SNP Array"	"in situ oligonucleotide"	"Homo sapiens"	11564	372	14	"Affymetrix, Inc."	"May 28, 2004"
GPL1262	"NCI/ATC Hs-UniGEM2"	"spotted DNA/cDNA"	"Homo sapiens"	9984	152	5	"David Petersen"	"May 27, 2004"
GPL737	"Agilent Human 1A Oligo UNC_custom array"	"in situ oligonucleotide"	"Homo sapiens"	22575	6	1	"Charles M. Perou"	"May 24, 2004"
GPL1241	"Barbry cDNA"	"spotted DNA/cDNA"	"Homo sapiens"	4183	12	1	"Chimene Moreilhon"	"May 21, 2004"
GPL1227	"RG1-208P5"	"spotted DNA/cDNA"	"Homo sapiens"	21632	7	1	"Don Ganem"	"May 18, 2004"
GPL1228	"RG1-208P6"	"spotted DNA/cDNA"	"Homo sapiens"	21632	7	1	"Don Ganem"	"May 18, 2004"
GPL1105	"A111"	"spotted oligonucleotide"	"Homo sapiens"	1568	1	1	"Gregory Fisk"	"May 16, 2004"
GPL1225	"HUMAN_21K_OligoArray_2"	"spotted oligonucleotide"	"Homo sapiens"	23040	36	1	"Phillip Bowman"	"May 14, 2004"
GPL1213	"Human Transporter OligoChip"	"spotted oligonucleotide"	"Homo sapiens"	3024	32	1	"Pascale Anderle"	"May 08, 2004"
GPL1211	"NIA MGC, Mammalian Genome Collection"	"spotted DNA/cDNA"	"Homo sapiens"	9600	244	12	"Kevin G Becker"	"May 03, 2004"
GPL550	"UNC compugen oligo array for toxgenomics study"	"spotted oligonucleotide"	"Homo sapiens"	20163	83	2	"Charles M. Perou"	"Apr 18, 2004"
GPL1106	"CEA_SGF:ALE"	"spotted DNA/cDNA"	"Homo sapiens"	10496	72	2	"Cyrille Petat"	"Apr 16, 2004"
GPL317	"SHCO"	"spotted DNA/cDNA"	"Homo sapiens"	43008	26	1	"Jonathan Pollack"	"Apr 15, 2004"
GPL318	"SHCZ"	"spotted DNA/cDNA"	"Homo sapiens"	43008	44	1	"Jonathan Pollack"	"Apr 15, 2004"
GPL319	"SHDJ"	"spotted DNA/cDNA"	"Homo sapiens"	43008	49	1	"Jonathan Pollack"	"Apr 15, 2004"
GPL1101	"SuperArray GEArray Q Series Human Glucocorticoid Signaling Gene Array"	"spotted DNA/cDNA"	"Homo sapiens"	112	0	0	"SuperArray Bioscience Corporation"	"Apr 09, 2004"
GPL1107	"SuperArray GEArray S Series Human Apoptosis & Cell Cycle Gene Array"	"spotted DNA/cDNA"	"Homo sapiens"	288	6	1	"SuperArray Bioscience Corporation"	"Apr 09, 2004"
GPL1108	"SuperArray Nylon-on-Glass GEArray: Human Apoptosis & Cell Cycle Gene Array"	"spotted DNA/cDNA"	"Homo sapiens"	288	0	0	"SuperArray Bioscience Corporation"	"Apr 09, 2004"
GPL1109	"SuperArray GEArray Q series Human Apoptosis Gene Array"	"spotted DNA/cDNA"	"Homo sapiens"	112	42	1	"SuperArray Bioscience Corporation"	"Apr 09, 2004"
GPL1111	"SuperArray GEArray Q Series Human DNA Damage Signaling Pathways Gene Array"	"spotted DNA/cDNA"	"Homo sapiens"	112	0	0	"SuperArray Bioscience Corporation"	"Apr 09, 2004"
GPL1113	"SuperArray GEArray Q series Human Stress & Toxicity PathwayFinder Gene Array"	"spotted DNA/cDNA"	"Homo sapiens"	112	0	0	"SuperArray Bioscience Corporation"	"Apr 09, 2004"
GPL1115	"SuperArray GEArray Q Series Human Stress Response to Cellular Damage Gene Array"	"spotted DNA/cDNA"	"Homo sapiens"	112	0	0	"SuperArray Bioscience Corporation"	"Apr 09, 2004"
GPL1116	"SuperArray GEArray Q series Human p53 Signaling Pathway Gene Array"	"spotted DNA/cDNA"	"Homo sapiens"	112	0	0	"SuperArray Bioscience Corporation"	"Apr 09, 2004"
GPL1119	"SuperArray GEArray Q Series Human Androgen Signaling and Prostate Cancer Gene Array"	"spotted DNA/cDNA"	"Homo sapiens"	112	0	0	"SuperArray Bioscience Corporation"	"Apr 09, 2004"
GPL1120	"SuperArray GEArray Q Series Human Angiogenesis Gene Array"	"spotted DNA/cDNA"	"Homo sapiens"	112	11	2	"SuperArray Bioscience Corporation"	"Apr 09, 2004"
GPL1123	"SuperArray GEArray Q Series Human Breast Cancer and Estrogen Receptor Signaling Gene Array"	"spotted DNA/cDNA"	"Homo sapiens"	112	0	0	"SuperArray Bioscience Corporation"	"Apr 09, 2004"
GPL1124	"SuperArray GEArray Q Series Human Cancer Drug Resistance & Metabolism Gene Array"	"spotted DNA/cDNA"	"Homo sapiens"	112	0	0	"SuperArray Bioscience Corporation"	"Apr 09, 2004"
GPL1126	"SuperArray GEArray Q series Human Cancer PathwayFinder Gene Array"	"spotted DNA/cDNA"	"Homo sapiens"	112	13	2	"SuperArray Bioscience Corporation"	"Apr 09, 2004"
GPL1128	"SuperArray GEArray Q Series Human Genome Stability/DNA Repair Gene Array"	"spotted DNA/cDNA"	"Homo sapiens"	112	0	0	"SuperArray Bioscience Corporation"	"Apr 09, 2004"
GPL1130	"SuperArray GEArray Q Series Human Growth Factor Gene Array"	"spotted DNA/cDNA"	"Homo sapiens"	112	12	1	"SuperArray Bioscience Corporation"	"Apr 09, 2004"
GPL1131	"SuperArray GEArray Q Series Human Signal Transduction in Cancer Gene Array"	"spotted DNA/cDNA"	"Homo sapiens"	112	0	0	"SuperArray Bioscience Corporation"	"Apr 09, 2004"
GPL1133	"SuperArray GEArray Q Series Human Tumor Metastasis Gene Array"	"spotted DNA/cDNA"	"Homo sapiens"	112	8	1	"SuperArray Bioscience Corporation"	"Apr 09, 2004"
GPL1135	"SuperArray GEArray Q Series Human Cell Cycle Gene Array"	"spotted DNA/cDNA"	"Homo sapiens"	112	0	0	"SuperArray Bioscience Corporation"	"Apr 09, 2004"
GPL1137	"SuperArray GEArray S Series Human Dendritic & Antigen Presenting Cell Gene Array"	"spotted DNA/cDNA"	"Homo sapiens"	192	0	0	"SuperArray Bioscience Corporation"	"Apr 09, 2004"
GPL1138	"SuperArray Nylon-on-Glass GEArray: Human Dendritic & Antigen Presenting Cell Gene Array"	"spotted DNA/cDNA"	"Homo sapiens"	192	0	0	"SuperArray Bioscience Corporation"	"Apr 09, 2004"
GPL1140	"SuperArray GEArray Q Series Human Endothelial Cell Biology Gene Array"	"spotted DNA/cDNA"	"Homo sapiens"	112	15	2	"SuperArray Bioscience Corporation"	"Apr 09, 2004"
GPL1142	"SuperArray GEArray Q series Human Osteogenesis Gene Array"	"spotted DNA/cDNA"	"Homo sapiens"	112	6	1	"SuperArray Bioscience Corporation"	"Apr 09, 2004"
GPL1145	"SuperArray GEArray S Series Human Stem Cell Gene Array"	"spotted DNA/cDNA"	"Homo sapiens"	288	0	0	"SuperArray Bioscience Corporation"	"Apr 09, 2004"
GPL1146	"SuperArray GEArray Q Series Human TGFb BMP Signaling Pathway Gene Array"	"spotted DNA/cDNA"	"Homo sapiens"	112	0	0	"SuperArray Bioscience Corporation"	"Apr 09, 2004"
GPL1148	"SuperArray GEArray Q Series Human Wnt Signaling Pathway Gene Array"	"spotted DNA/cDNA"	"Homo sapiens"	112	0	0	"SuperArray Bioscience Corporation"	"Apr 09, 2004"
GPL1150	"SuperArray GEArray Q Series Human Asthma Gene Array"	"spotted DNA/cDNA"	"Homo sapiens"	112	0	0	"SuperArray Bioscience Corporation"	"Apr 09, 2004"
GPL1152	"SuperArray GEArray S Series Human Autoimmune and Inflammatory Response Gene Array"	"spotted DNA/cDNA"	"Homo sapiens"	384	24	1	"SuperArray Bioscience Corporation"	"Apr 09, 2004"
GPL1154	"SuperArray GEArray Q series Human Ca2+ /NF-AT Signaling Pathway Gene Array"	"spotted DNA/cDNA"	"Homo sapiens"	112	4	1	"SuperArray Bioscience Corporation"	"Apr 09, 2004"
GPL1156	"SuperArray GEArray Q Series Human Cardiovascular Disease Gene Array I: Biomarkers"	"spotted DNA/cDNA"	"Homo sapiens"	112	0	0	"SuperArray Bioscience Corporation"	"Apr 09, 2004"
GPL1158	"SuperArray GEArray Q Series Human Cardiovascular Disease Gene Array II: Atherosclerosis"	"spotted DNA/cDNA"	"Homo sapiens"	112	0	0	"SuperArray Bioscience Corporation"	"Apr 09, 2004"
GPL1160	"SuperArray GEArray Q series Human Common Cytokine Gene Array"	"spotted DNA/cDNA"	"Homo sapiens"	112	0	0	"SuperArray Bioscience Corporation"	"Apr 09, 2004"
GPL1162	"SuperArray GEArray Q Series Human Extracellular Matrix & Adhesion Molecules Gene Array"	"spotted DNA/cDNA"	"Homo sapiens"	112	10	1	"SuperArray Bioscience Corporation"	"Apr 09, 2004"
GPL1164	"SuperArray GEArray Q Series Human Inflammatory Cytokines & Receptors Gene Array"	"spotted DNA/cDNA"	"Homo sapiens"	112	0	0	"SuperArray Bioscience Corporation"	"Apr 09, 2004"
GPL1166	"SuperArray GEArray Q Series Human Insulin Signaling Pathway Gene Array"	"spotted DNA/cDNA"	"Homo sapiens"	112	0	0	"SuperArray Bioscience Corporation"	"Apr 09, 2004"
GPL1168	"SuperArray GEArray Q series Human Interleukins and Receptors Gene Array"	"spotted DNA/cDNA"	"Homo sapiens"	112	0	0	"SuperArray Bioscience Corporation"	"Apr 09, 2004"
GPL1171	"SuperArray GEArray Q Series Human NFkB Signaling Pathway Gene Array"	"spotted DNA/cDNA"	"Homo sapiens"	112	0	0	"SuperArray Bioscience Corporation"	"Apr 09, 2004"
GPL1172	"SuperArray GEArray Q Series Human Nitric Oxide Gene Array"	"spotted DNA/cDNA"	"Homo sapiens"	112	44	1	"SuperArray Bioscience Corporation"	"Apr 09, 2004"
GPL1175	"SuperArray GEArray Q Series Human Th1-Th2-Th3 Gene Array"	"spotted DNA/cDNA"	"Homo sapiens"	112	0	0	"SuperArray Bioscience Corporation"	"Apr 09, 2004"
GPL1176	"SuperArray Nylon-on-Glass GEArray: Human Autoimmune and Inflammatory Response Gene Array"	"spotted DNA/cDNA"	"Homo sapiens"	384	0	0	"SuperArray Bioscience Corporation"	"Apr 09, 2004"
GPL1177	"SuperArray GEArray Q Series Human Drug Targets for Inflammation & Immunomodulation Gene Array"	"spotted DNA/cDNA"	"Homo sapiens"	112	0	0	"SuperArray Bioscience Corporation"	"Apr 09, 2004"
GPL1178	"SuperArray GEArray Q Series Human Neuroscience-1 Ion Channel & Transporter Gene Array"	"spotted DNA/cDNA"	"Homo sapiens"	112	0	0	"SuperArray Bioscience Corporation"	"Apr 09, 2004"
GPL1180	"SuperArray GEArray Q Series Human Neurotrophin and Receptors Gene Array"	"spotted DNA/cDNA"	"Homo sapiens"	112	3	1	"SuperArray Bioscience Corporation"	"Apr 09, 2004"
GPL1182	"SuperArray GEArray Q series Human Drug Metabolism Gene Array"	"spotted DNA/cDNA"	"Homo sapiens"	112	0	0	"SuperArray Bioscience Corporation"	"Apr 09, 2004"
GPL1184	"SuperArray GEArray Q Series Human G Protein-Coupled Receptor Gene Array I"	"spotted DNA/cDNA"	"Homo sapiens"	112	0	0	"SuperArray Bioscience Corporation"	"Apr 09, 2004"
GPL1185	"SuperArray GEArray Q Series Human G Protein-Coupled Receptor Gene Array II"	"spotted DNA/cDNA"	"Homo sapiens"	112	0	0	"SuperArray Bioscience Corporation"	"Apr 09, 2004"
GPL1186	"SuperArray GEArray Q series Human G Protein-coupled Receptors Signaling PathwayFinder Gene Array"	"spotted DNA/cDNA"	"Homo sapiens"	112	0	0	"SuperArray Bioscience Corporation"	"Apr 09, 2004"
GPL1188	"SuperArray GEArray Q Series Human G-Proteins & Signaling Molecules Gene Array"	"spotted DNA/cDNA"	"Homo sapiens"	112	0	0	"SuperArray Bioscience Corporation"	"Apr 09, 2004"
GPL1189	"SuperArray GEArray Q Series Human Hypoxia Signaling Pathway Gene Array"	"spotted DNA/cDNA"	"Homo sapiens"	112	0	0	"SuperArray Bioscience Corporation"	"Apr 09, 2004"
GPL1191	"SuperArray GEArray Q Series Human PI3K-AKT Signaling Pathway Gene Array"	"spotted DNA/cDNA"	"Homo sapiens"	112	0	0	"SuperArray Bioscience Corporation"	"Apr 09, 2004"
GPL1192	"SuperArray GEArray Q Series Human Signal Transduction PathwayFinder Gene Array"	"spotted DNA/cDNA"	"Homo sapiens"	112	0	0	"SuperArray Bioscience Corporation"	"Apr 09, 2004"
GPL1194	"SuperArray GEArray Q series Human cAMP/Ca2+ PathwayFinder Gene Array"	"spotted DNA/cDNA"	"Homo sapiens"	112	4	1	"SuperArray Bioscience Corporation"	"Apr 09, 2004"
GPL1087	"OMRF Microarray Core Facility Human Print 3"	"spotted oligonucleotide"	"Homo sapiens"	22176	26	1	"Stewart Alan Shields"	"Apr 06, 2004"
GPL1090	"Human KUGI14K"	"spotted DNA/cDNA"	"Homo sapiens"	14080	6	1	"Inchul Lee"	"Apr 06, 2004"
GPL1098	"SuperArray GEArray Q series Human Chemokines and Receptors Gene Array cat. #HS-005"	"spotted DNA/cDNA"	"Homo sapiens"	112	2	1	"SuperArray Bioscience Corporation"	"Apr 06, 2004"
GPL787	"in-house cDNA microarray 1"	"spotted DNA/cDNA"	"Homo sapiens"	4608	1	1	"Motoyuki Otsuka"	"Apr 03, 2004"
GPL503	"Agilent Human 1 cDNA Microarray"	"spotted DNA/cDNA"	"Homo sapiens"	15402	78	1	"Charles M. Perou"	"Mar 24, 2004"
GPL1064	"Superarray - GEArray Q Series Human PathwayFinder Gene Array"	"spotted DNA/cDNA"	"Homo sapiens"	101	0	0	"Yue Wang"	"Mar 24, 2004"
GPL864	"Human Promotor Array, v11"	"spotted DNA/cDNA"	"Homo sapiens"	17328	36	2	"Yipeng Wang"	"Mar 23, 2004"
GPL1074	"GNF1H"	"in situ oligonucleotide"	"Homo sapiens"	22639	158	1	"John R Walker"	"Mar 19, 2004"
GPL996	"CR-UK DMF Human 6.5k genome-wide array"	"spotted DNA/cDNA"	"Homo sapiens"	13056	76	2	"Ahmed Ashour Ahmed"	"Mar 16, 2004"
GPL970	"Incyte Human UniGEM V 2.0 (GEM-5112)"	"spotted DNA/cDNA"	"Homo sapiens"	9182	52	2	"Luting Xu"	"Mar 05, 2004"
GPL1052	"NIAID - Hsaa"	"spotted oligonucleotide"	"Homo sapiens"	14400	20	1	"Michael Wilson"	"Mar 03, 2004"
GPL1053	"NIAID - Hsab"	"spotted oligonucleotide"	"Homo sapiens"	14400	124	3	"Michael Wilson"	"Mar 03, 2004"
GPL1054	"NIAID - Hsbb"	"spotted oligonucleotide"	"Homo sapiens"	22332	111	4	"Michael Wilson"	"Mar 03, 2004"
GPL1055	"NIAID - Hsbc"	"spotted oligonucleotide"	"Homo sapiens"	19200	0	0	"Michael Wilson"	"Mar 03, 2004"
GPL1008	"Human pancreas-specific microarray"	"spotted DNA/cDNA"	"Homo sapiens"	217	0	0	"Brigitte Vandewalle"	"Mar 02, 2004"
GPL1048	"Chromosomal alteration study using high resolution BAC array"	"spotted DNA/cDNA"	"Homo sapiens"	354	19	1	"Nehad Mohamed"	"Feb 29, 2004"
GPL997	"IRIBHM"	"spotted DNA/cDNA"	"Homo sapiens"	23232	0	0	"Jérôme Becker"	"Feb 27, 2004"
GPL980	"15 K cDNA"	"spotted DNA/cDNA"	"Homo sapiens;Mus musculus"	17280	2	1	"John G Maresh"	"Feb 26, 2004"
GPL1003	"Human BAC to study Chromosome 21 abnormalities"	"spotted DNA/cDNA"	"Homo sapiens"	354	14	1	"Herbert Auer"	"Feb 26, 2004"
GPL1005	"Human BAC to study Chromosome 21 abnormalities"	"spotted DNA/cDNA"	"Homo sapiens"	236	4	1	"Nehad Mohamed"	"Feb 26, 2004"
GPL989	"OHU16K"	"spotted oligonucleotide"	"Homo sapiens"	17664	0	0	"E. Janet Hager"	"Feb 25, 2004"
GPL990	"OHU21K"	"spotted oligonucleotide"	"Homo sapiens"	23040	11	1	"E. Janet Hager"	"Feb 25, 2004"
GPL993	"HU4.6K"	"spotted DNA/cDNA"	"Homo sapiens"	9216	0	0	"E. Janet Hager"	"Feb 25, 2004"
GPL981	"HUMAN_21K_OligoArray_1"	"spotted oligonucleotide"	"Homo sapiens"	23232	22	1	"Phillip Bowman"	"Feb 18, 2004"
GPL976	"UCSF 4Hs Human v.2 Oligo Array"	"spotted oligonucleotide"	"Homo sapiens"	22176	5	1	"Michael E. Salazar"	"Feb 13, 2004"
GPL978	"UCSF 6Hs Human v.2 Oligo Array"	"spotted oligonucleotide"	"Homo sapiens"	23184	22	1	"Michael E. Salazar"	"Feb 13, 2004"
GPL781	"Muscle _Related_cDNA_Array"	"spotted DNA/cDNA"	"Homo sapiens"	15552	26	4	"Ellen Sterrenburg"	"Feb 12, 2004"
GPL783	"Human oligo array part I LGTC"	"spotted oligonucleotide"	"Homo sapiens"	10800	10	1	"Ellen Sterrenburg"	"Feb 12, 2004"
GPL784	"Human oligo array part II LGTC"	"spotted oligonucleotide"	"Homo sapiens"	10800	10	1	"Ellen Sterrenburg"	"Feb 12, 2004"
GPL771	"Rosetta (Merck) Human 50k array"	"spotted oligonucleotide"	"Homo sapiens"	38692	42	1	"Mao Mao"	"Feb 01, 2004"
GPL962	"CHUGAI 41K"	"spotted DNA/cDNA"	"Homo sapiens"	40368	322	3	"Yuichi Ishikawa"	"Jan 26, 2004"
GPL931	"RMRG array"	"spotted DNA/cDNA"	"Homo sapiens"	2112	18	1	"Cristin Print"	"Jan 17, 2004"
GPL875	"Agilent Human 1 cDNA Microarray (G4100A) [layout A]"	"spotted DNA/cDNA"	"Homo sapiens"	18564	20	3	"Agilent Technologies"	"Jan 02, 2004"
GPL876	"Agilent Human 1 cDNA Microarray (G4100A) [layout B]"	"spotted DNA/cDNA"	"Homo sapiens"	18564	74	6	"Agilent Technologies"	"Jan 02, 2004"
GPL885	"Agilent-011521 Human 1A Microarray G4110A  (Feature Number version)"	"in situ oligonucleotide"	"Homo sapiens"	22575	254	35	"Agilent Technologies"	"Jan 02, 2004"
GPL886	"Agilent-011871 Human 1B Microarray G4111A (Feature Number version)"	"in situ oligonucleotide"	"Homo sapiens"	22575	0	0	"Agilent Technologies"	"Jan 02, 2004"
GPL887	"Agilent-012097 Human 1A Microarray (V2) G4110B (Feature Number version)"	"in situ oligonucleotide"	"Homo sapiens"	22575	2170	97	"Agilent Technologies"	"Jan 02, 2004"
GPL564	"Rosetta (Merck) Blood donor experiment"	"spotted oligonucleotide"	"Homo sapiens"	23916	236	2	"Mao Mao"	"Dec 31, 2003"
GPL543	"Rosetta (Merck) Splicing Experiment, Chip 1 of 5"	"spotted oligonucleotide"	"Homo sapiens"	23107	54	1	"John Castle"	"Dec 19, 2003"
GPL544	"Rosetta (Merck) Splicing Experiment, Chip 2 of 5"	"spotted oligonucleotide"	"Homo sapiens"	23107	50	1	"John Castle"	"Dec 19, 2003"
GPL545	"Rosetta (Merck) Splicing Experiment, Chip 3 of 5"	"spotted oligonucleotide"	"Homo sapiens"	23107	54	1	"John Castle"	"Dec 19, 2003"
GPL546	"Rosetta (Merck) Splicing Experiment, Chip 4 of 5"	"spotted oligonucleotide"	"Homo sapiens"	23107	52	1	"John Castle"	"Dec 19, 2003"
GPL547	"Rosetta (Merck) Splicing Experiment, Chip 5 of 5"	"spotted oligonucleotide"	"Homo sapiens"	12961	54	1	"John Castle"	"Dec 19, 2003"
GPL584	"Rosetta (Merck) Genome Tiling Experiment PatternID 254"	"spotted oligonucleotide"	"Homo sapiens"	20131	7	1	"Stephen W Edwards"	"Dec 17, 2003"
GPL585	"Rosetta (Merck) Genome Tiling Experiment PatternID 255"	"spotted oligonucleotide"	"Homo sapiens"	21757	8	1	"Stephen W Edwards"	"Dec 17, 2003"
GPL586	"Rosetta (Merck) Genome Tiling Experiment PatternID 256"	"spotted oligonucleotide"	"Homo sapiens"	21635	8	1	"Stephen W Edwards"	"Dec 17, 2003"
GPL587	"Rosetta (Merck) Genome Tiling Experiment PatternID 257"	"spotted oligonucleotide"	"Homo sapiens"	21635	8	1	"Stephen W Edwards"	"Dec 17, 2003"
GPL588	"Rosetta (Merck) Genome Tiling Experiment PatternID 258"	"spotted oligonucleotide"	"Homo sapiens"	21513	8	1	"Stephen W Edwards"	"Dec 17, 2003"
GPL589	"Rosetta (Merck) Genome Tiling Experiment PatternID 259"	"spotted oligonucleotide"	"Homo sapiens"	20487	8	1	"Stephen W Edwards"	"Dec 17, 2003"
GPL590	"Rosetta (Merck) Genome Tiling Experiment PatternID 260"	"spotted oligonucleotide"	"Homo sapiens"	21635	8	1	"Stephen W Edwards"	"Dec 17, 2003"
GPL591	"Rosetta (Merck) Genome Tiling Experiment PatternID 261"	"spotted oligonucleotide"	"Homo sapiens"	22123	8	1	"Stephen W Edwards"	"Dec 17, 2003"
GPL592	"Rosetta (Merck) Genome Tiling Experiment PatternID 262"	"spotted oligonucleotide"	"Homo sapiens"	19709	8	1	"Stephen W Edwards"	"Dec 17, 2003"
GPL593	"Rosetta (Merck) Genome Tiling Experiment PatternID 263"	"spotted oligonucleotide"	"Homo sapiens"	19709	8	1	"Stephen W Edwards"	"Dec 17, 2003"
GPL594	"Rosetta (Merck) Genome Tiling Experiment PatternID 264"	"spotted oligonucleotide"	"Homo sapiens"	19606	8	1	"Stephen W Edwards"	"Dec 17, 2003"
GPL595	"Rosetta (Merck) Genome Tiling Experiment PatternID 265"	"spotted oligonucleotide"	"Homo sapiens"	20131	8	1	"Stephen W Edwards"	"Dec 17, 2003"
GPL596	"Rosetta (Merck) Genome Tiling Experiment PatternID 266"	"spotted oligonucleotide"	"Homo sapiens"	22223	8	1	"Stephen W Edwards"	"Dec 17, 2003"
GPL597	"Rosetta (Merck) Genome Tiling Experiment PatternID 267"	"spotted oligonucleotide"	"Homo sapiens"	21757	8	1	"Stephen W Edwards"	"Dec 17, 2003"
GPL598	"Rosetta (Merck) Genome Tiling Experiment PatternID 268"	"spotted oligonucleotide"	"Homo sapiens"	21635	8	1	"Stephen W Edwards"	"Dec 17, 2003"
GPL599	"Rosetta (Merck) Genome Tiling Experiment PatternID 269"	"spotted oligonucleotide"	"Homo sapiens"	21480	8	1	"Stephen W Edwards"	"Dec 17, 2003"
GPL600	"Rosetta (Merck) Genome Tiling Experiment PatternID 270"	"spotted oligonucleotide"	"Homo sapiens"	21513	8	1	"Stephen W Edwards"	"Dec 17, 2003"
GPL601	"Rosetta (Merck) Genome Tiling Experiment PatternID 271"	"spotted oligonucleotide"	"Homo sapiens"	20487	8	1	"Stephen W Edwards"	"Dec 17, 2003"
GPL602	"Rosetta (Merck) Genome Tiling Experiment PatternID 272"	"spotted oligonucleotide"	"Homo sapiens"	21635	8	1	"Stephen W Edwards"	"Dec 17, 2003"
GPL603	"Rosetta (Merck) Genome Tiling Experiment PatternID 273"	"spotted oligonucleotide"	"Homo sapiens"	19606	8	1	"Stephen W Edwards"	"Dec 17, 2003"
GPL604	"Rosetta (Merck) Genome Tiling Experiment PatternID 274"	"spotted oligonucleotide"	"Homo sapiens"	22123	8	1	"Stephen W Edwards"	"Dec 17, 2003"
GPL605	"Rosetta (Merck) Genome Tiling Experiment PatternID 275"	"spotted oligonucleotide"	"Homo sapiens"	21580	8	1	"Stephen W Edwards"	"Dec 17, 2003"
GPL606	"Rosetta (Merck) Genome Tiling Experiment PatternID 276"	"spotted oligonucleotide"	"Homo sapiens"	20131	8	1	"Stephen W Edwards"	"Dec 17, 2003"
GPL607	"Rosetta (Merck) Genome Tiling Experiment PatternID 277"	"spotted oligonucleotide"	"Homo sapiens"	19709	8	1	"Stephen W Edwards"	"Dec 17, 2003"
GPL608	"Rosetta (Merck) Genome Tiling Experiment PatternID 278"	"spotted oligonucleotide"	"Homo sapiens"	22223	8	1	"Stephen W Edwards"	"Dec 17, 2003"
GPL609	"Rosetta (Merck) Genome Tiling Experiment PatternID 279"	"spotted oligonucleotide"	"Homo sapiens"	19606	8	1	"Stephen W Edwards"	"Dec 17, 2003"
GPL610	"Rosetta (Merck) Genome Tiling Experiment PatternID 280"	"spotted oligonucleotide"	"Homo sapiens"	21757	8	1	"Stephen W Edwards"	"Dec 17, 2003"
GPL611	"Rosetta (Merck) Genome Tiling Experiment PatternID 281"	"spotted oligonucleotide"	"Homo sapiens"	20131	8	1	"Stephen W Edwards"	"Dec 17, 2003"
GPL612	"Rosetta (Merck) Genome Tiling Experiment PatternID 282"	"spotted oligonucleotide"	"Homo sapiens"	21757	8	1	"Stephen W Edwards"	"Dec 17, 2003"
GPL613	"Rosetta (Merck) Genome Tiling Experiment PatternID 283"	"spotted oligonucleotide"	"Homo sapiens"	21635	8	1	"Stephen W Edwards"	"Dec 17, 2003"
GPL614	"Rosetta (Merck) Genome Tiling Experiment PatternID 284"	"spotted oligonucleotide"	"Homo sapiens"	21513	8	1	"Stephen W Edwards"	"Dec 17, 2003"
GPL615	"Rosetta (Merck) Genome Tiling Experiment PatternID 310"	"spotted oligonucleotide"	"Homo sapiens"	20485	8	1	"Stephen W Edwards"	"Dec 17, 2003"
GPL616	"Rosetta (Merck) Genome Tiling Experiment PatternID 311"	"spotted oligonucleotide"	"Homo sapiens"	21635	8	1	"Stephen W Edwards"	"Dec 17, 2003"
GPL617	"Rosetta (Merck) Genome Tiling Experiment PatternID 312"	"spotted oligonucleotide"	"Homo sapiens"	22123	8	1	"Stephen W Edwards"	"Dec 17, 2003"
GPL618	"Rosetta (Merck) Genome Tiling Experiment PatternID 313"	"spotted oligonucleotide"	"Homo sapiens"	19709	8	1	"Stephen W Edwards"	"Dec 17, 2003"
GPL619	"Rosetta (Merck) Genome Tiling Experiment PatternID 314"	"spotted oligonucleotide"	"Homo sapiens"	22223	8	1	"Stephen W Edwards"	"Dec 17, 2003"
GPL620	"Rosetta (Merck) Genome Tiling Experiment PatternID 315"	"spotted oligonucleotide"	"Homo sapiens"	19606	8	1	"Stephen W Edwards"	"Dec 17, 2003"
GPL621	"Rosetta (Merck) Genome Tiling Experiment PatternID 316"	"spotted oligonucleotide"	"Homo sapiens"	20131	8	1	"Stephen W Edwards"	"Dec 17, 2003"
GPL622	"Rosetta (Merck) Genome Tiling Experiment PatternID 317"	"spotted oligonucleotide"	"Homo sapiens"	21757	8	1	"Stephen W Edwards"	"Dec 17, 2003"
GPL623	"Rosetta (Merck) Genome Tiling Experiment PatternID 318"	"spotted oligonucleotide"	"Homo sapiens"	21480	8	1	"Stephen W Edwards"	"Dec 17, 2003"
GPL624	"Rosetta (Merck) Genome Tiling Experiment PatternID 319"	"spotted oligonucleotide"	"Homo sapiens"	21635	8	1	"Stephen W Edwards"	"Dec 17, 2003"
GPL625	"Rosetta (Merck) Genome Tiling Experiment PatternID 320"	"spotted oligonucleotide"	"Homo sapiens"	21513	8	1	"Stephen W Edwards"	"Dec 17, 2003"
GPL626	"Rosetta (Merck) Genome Tiling Experiment PatternID 321"	"spotted oligonucleotide"	"Homo sapiens"	20487	8	1	"Stephen W Edwards"	"Dec 17, 2003"
GPL627	"Rosetta (Merck) Genome Tiling Experiment PatternID 322"	"spotted oligonucleotide"	"Homo sapiens"	21480	8	1	"Stephen W Edwards"	"Dec 17, 2003"
GPL628	"Rosetta (Merck) Genome Tiling Experiment PatternID 323"	"spotted oligonucleotide"	"Homo sapiens"	21635	8	1	"Stephen W Edwards"	"Dec 17, 2003"
GPL629	"Rosetta (Merck) Genome Tiling Experiment PatternID 324"	"spotted oligonucleotide"	"Homo sapiens"	22123	8	1	"Stephen W Edwards"	"Dec 17, 2003"
GPL630	"Rosetta (Merck) Genome Tiling Experiment PatternID 325"	"spotted oligonucleotide"	"Homo sapiens"	19709	8	1	"Stephen W Edwards"	"Dec 17, 2003"
GPL631	"Rosetta (Merck) Genome Tiling Experiment PatternID 326"	"spotted oligonucleotide"	"Homo sapiens"	22223	8	1	"Stephen W Edwards"	"Dec 17, 2003"
GPL632	"Rosetta (Merck) Genome Tiling Experiment PatternID 327"	"spotted oligonucleotide"	"Homo sapiens"	21480	8	1	"Stephen W Edwards"	"Dec 17, 2003"
GPL633	"Rosetta (Merck) Genome Tiling Experiment PatternID 328"	"spotted oligonucleotide"	"Homo sapiens"	22223	8	1	"Stephen W Edwards"	"Dec 17, 2003"
GPL634	"Rosetta (Merck) Genome Tiling Experiment PatternID 331"	"spotted oligonucleotide"	"Homo sapiens"	19606	8	1	"Stephen W Edwards"	"Dec 17, 2003"
GPL635	"Rosetta (Merck) Genome Tiling Experiment PatternID 332"	"spotted oligonucleotide"	"Homo sapiens"	20131	6	1	"Stephen W Edwards"	"Dec 17, 2003"
GPL636	"Rosetta (Merck) Genome Tiling Experiment PatternID 333"	"spotted oligonucleotide"	"Homo sapiens"	21757	8	1	"Stephen W Edwards"	"Dec 17, 2003"
GPL637	"Rosetta (Merck) Genome Tiling Experiment PatternID 334"	"spotted oligonucleotide"	"Homo sapiens"	21513	8	1	"Stephen W Edwards"	"Dec 17, 2003"
GPL638	"Rosetta (Merck) Genome Tiling Experiment PatternID 335"	"spotted oligonucleotide"	"Homo sapiens"	22123	8	1	"Stephen W Edwards"	"Dec 17, 2003"
GPL639	"Rosetta (Merck) Genome Tiling Experiment PatternID 336"	"spotted oligonucleotide"	"Homo sapiens"	20487	8	1	"Stephen W Edwards"	"Dec 17, 2003"
GPL640	"Rosetta (Merck) Genome Tiling Experiment PatternID 337"	"spotted oligonucleotide"	"Homo sapiens"	21635	8	1	"Stephen W Edwards"	"Dec 17, 2003"
GPL641	"Rosetta (Merck) Genome Tiling Experiment PatternID 801"	"spotted oligonucleotide"	"Homo sapiens"	22120	3	1	"Stephen W Edwards"	"Dec 17, 2003"
GPL642	"Rosetta (Merck) Genome Tiling Experiment PatternID 802"	"spotted oligonucleotide"	"Homo sapiens"	21170	3	1	"Stephen W Edwards"	"Dec 17, 2003"
GPL643	"Rosetta (Merck) Genome Tiling Experiment PatternID 803"	"spotted oligonucleotide"	"Homo sapiens"	22120	3	1	"Stephen W Edwards"	"Dec 17, 2003"
GPL644	"Rosetta (Merck) Genome Tiling Experiment PatternID 804"	"spotted oligonucleotide"	"Homo sapiens"	22120	3	1	"Stephen W Edwards"	"Dec 17, 2003"
GPL645	"Rosetta (Merck) Genome Tiling Experiment PatternID 805"	"spotted oligonucleotide"	"Homo sapiens"	22120	3	1	"Stephen W Edwards"	"Dec 17, 2003"
GPL646	"Rosetta (Merck) Genome Tiling Experiment PatternID 806"	"spotted oligonucleotide"	"Homo sapiens"	22120	3	1	"Stephen W Edwards"	"Dec 17, 2003"
GPL647	"Rosetta (Merck) Genome Tiling Experiment PatternID 807"	"spotted oligonucleotide"	"Homo sapiens"	22120	3	1	"Stephen W Edwards"	"Dec 17, 2003"
GPL648	"Rosetta (Merck) Genome Tiling Experiment PatternID 808"	"spotted oligonucleotide"	"Homo sapiens"	22120	3	1	"Stephen W Edwards"	"Dec 17, 2003"
GPL649	"Rosetta (Merck) Genome Tiling Experiment PatternID 809"	"spotted oligonucleotide"	"Homo sapiens"	22120	3	1	"Stephen W Edwards"	"Dec 17, 2003"
GPL650	"Rosetta (Merck) Genome Tiling Experiment PatternID 810"	"spotted oligonucleotide"	"Homo sapiens"	22120	3	1	"Stephen W Edwards"	"Dec 17, 2003"
GPL651	"Rosetta (Merck) Genome Tiling Experiment PatternID 811"	"spotted oligonucleotide"	"Homo sapiens"	22120	3	1	"Stephen W Edwards"	"Dec 17, 2003"
GPL652	"Rosetta (Merck) Genome Tiling Experiment PatternID 812"	"spotted oligonucleotide"	"Homo sapiens"	22120	3	1	"Stephen W Edwards"	"Dec 17, 2003"
GPL653	"Rosetta (Merck) Genome Tiling Experiment PatternID 813"	"spotted oligonucleotide"	"Homo sapiens"	22120	3	1	"Stephen W Edwards"	"Dec 17, 2003"
GPL654	"Rosetta (Merck) Genome Tiling Experiment PatternID 814"	"spotted oligonucleotide"	"Homo sapiens"	22120	3	1	"Stephen W Edwards"	"Dec 17, 2003"
GPL655	"Rosetta (Merck) Genome Tiling Experiment PatternID 815"	"spotted oligonucleotide"	"Homo sapiens"	22120	3	1	"Stephen W Edwards"	"Dec 17, 2003"
GPL656	"Rosetta (Merck) Genome Tiling Experiment PatternID 816"	"spotted oligonucleotide"	"Homo sapiens"	22120	3	1	"Stephen W Edwards"	"Dec 17, 2003"
GPL657	"Rosetta (Merck) Genome Tiling Experiment PatternID 817"	"spotted oligonucleotide"	"Homo sapiens"	22120	3	1	"Stephen W Edwards"	"Dec 17, 2003"
GPL658	"Rosetta (Merck) Genome Tiling Experiment PatternID 818"	"spotted oligonucleotide"	"Homo sapiens"	22120	3	1	"Stephen W Edwards"	"Dec 17, 2003"
GPL659	"Rosetta (Merck) Genome Tiling Experiment PatternID 819"	"spotted oligonucleotide"	"Homo sapiens"	22120	3	1	"Stephen W Edwards"	"Dec 17, 2003"
GPL660	"Rosetta (Merck) Genome Tiling Experiment PatternID 820"	"spotted oligonucleotide"	"Homo sapiens"	22120	3	1	"Stephen W Edwards"	"Dec 17, 2003"
GPL661	"Rosetta (Merck) Genome Tiling Experiment PatternID 821"	"spotted oligonucleotide"	"Homo sapiens"	22120	3	1	"Stephen W Edwards"	"Dec 17, 2003"
GPL662	"Rosetta (Merck) Genome Tiling Experiment PatternID 822"	"spotted oligonucleotide"	"Homo sapiens"	21914	3	1	"Stephen W Edwards"	"Dec 17, 2003"
GPL663	"Rosetta (Merck) Genome Tiling Experiment PatternID 823"	"spotted oligonucleotide"	"Homo sapiens"	22120	3	1	"Stephen W Edwards"	"Dec 17, 2003"
GPL664	"Rosetta (Merck) Genome Tiling Experiment PatternID 824"	"spotted oligonucleotide"	"Homo sapiens"	22044	3	1	"Stephen W Edwards"	"Dec 17, 2003"
GPL665	"Rosetta (Merck) Genome Tiling Experiment PatternID 825"	"spotted oligonucleotide"	"Homo sapiens"	22120	3	1	"Stephen W Edwards"	"Dec 17, 2003"
GPL666	"Rosetta (Merck) Genome Tiling Experiment PatternID 826"	"spotted oligonucleotide"	"Homo sapiens"	22120	3	1	"Stephen W Edwards"	"Dec 17, 2003"
GPL667	"Rosetta (Merck) Genome Tiling Experiment PatternID 827"	"spotted oligonucleotide"	"Homo sapiens"	22120	3	1	"Stephen W Edwards"	"Dec 17, 2003"
GPL668	"Rosetta (Merck) Genome Tiling Experiment PatternID 828"	"spotted oligonucleotide"	"Homo sapiens"	22120	3	1	"Stephen W Edwards"	"Dec 17, 2003"
GPL669	"Rosetta (Merck) Genome Tiling Experiment PatternID 829"	"spotted oligonucleotide"	"Homo sapiens"	22120	3	1	"Stephen W Edwards"	"Dec 17, 2003"
GPL670	"Rosetta (Merck) Genome Tiling Experiment PatternID 830"	"spotted oligonucleotide"	"Homo sapiens"	22120	3	1	"Stephen W Edwards"	"Dec 17, 2003"
GPL671	"Rosetta (Merck) Genome Tiling Experiment PatternID 831"	"spotted oligonucleotide"	"Homo sapiens"	22120	3	1	"Stephen W Edwards"	"Dec 17, 2003"
GPL672	"Rosetta (Merck) Genome Tiling Experiment PatternID 832"	"spotted oligonucleotide"	"Homo sapiens"	22120	3	1	"Stephen W Edwards"	"Dec 17, 2003"
GPL673	"Rosetta (Merck) Genome Tiling Experiment PatternID 833"	"spotted oligonucleotide"	"Homo sapiens"	22120	3	1	"Stephen W Edwards"	"Dec 17, 2003"
GPL674	"Rosetta (Merck) Genome Tiling Experiment PatternID 834"	"spotted oligonucleotide"	"Homo sapiens"	22120	3	1	"Stephen W Edwards"	"Dec 17, 2003"
GPL675	"Rosetta (Merck) Genome Tiling Experiment PatternID 835"	"spotted oligonucleotide"	"Homo sapiens"	22120	3	1	"Stephen W Edwards"	"Dec 17, 2003"
GPL676	"Rosetta (Merck) Genome Tiling Experiment PatternID 836"	"spotted oligonucleotide"	"Homo sapiens"	22120	3	1	"Stephen W Edwards"	"Dec 17, 2003"
GPL677	"Rosetta (Merck) Genome Tiling Experiment PatternID 837"	"spotted oligonucleotide"	"Homo sapiens"	22120	3	1	"Stephen W Edwards"	"Dec 17, 2003"
GPL678	"Rosetta (Merck) Genome Tiling Experiment PatternID 838"	"spotted oligonucleotide"	"Homo sapiens"	22120	3	1	"Stephen W Edwards"	"Dec 17, 2003"
GPL679	"Rosetta (Merck) Genome Tiling Experiment PatternID 839"	"spotted oligonucleotide"	"Homo sapiens"	22120	3	1	"Stephen W Edwards"	"Dec 17, 2003"
GPL680	"Rosetta (Merck) Genome Tiling Experiment PatternID 840"	"spotted oligonucleotide"	"Homo sapiens"	22120	3	1	"Stephen W Edwards"	"Dec 17, 2003"
GPL681	"Rosetta (Merck) Genome Tiling Experiment PatternID 841"	"spotted oligonucleotide"	"Homo sapiens"	22120	3	1	"Stephen W Edwards"	"Dec 17, 2003"
GPL682	"Rosetta (Merck) Genome Tiling Experiment PatternID 842"	"spotted oligonucleotide"	"Homo sapiens"	22120	3	1	"Stephen W Edwards"	"Dec 17, 2003"
GPL683	"Rosetta (Merck) Genome Tiling Experiment PatternID 843"	"spotted oligonucleotide"	"Homo sapiens"	22120	3	1	"Stephen W Edwards"	"Dec 17, 2003"
GPL684	"Rosetta (Merck) Genome Tiling Experiment PatternID 844"	"spotted oligonucleotide"	"Homo sapiens"	22120	3	1	"Stephen W Edwards"	"Dec 17, 2003"
GPL685	"Rosetta (Merck) Genome Tiling Experiment PatternID 845"	"spotted oligonucleotide"	"Homo sapiens"	22120	3	1	"Stephen W Edwards"	"Dec 17, 2003"
GPL686	"Rosetta (Merck) Genome Tiling Experiment PatternID 846"	"spotted oligonucleotide"	"Homo sapiens"	22120	3	1	"Stephen W Edwards"	"Dec 17, 2003"
GPL687	"Rosetta (Merck) Genome Tiling Experiment PatternID 847"	"spotted oligonucleotide"	"Homo sapiens"	22120	3	1	"Stephen W Edwards"	"Dec 17, 2003"
GPL688	"Rosetta (Merck) Genome Tiling Experiment PatternID 848"	"spotted oligonucleotide"	"Homo sapiens"	22120	3	1	"Stephen W Edwards"	"Dec 17, 2003"
GPL689	"Rosetta (Merck) Genome Tiling Experiment PatternID 849"	"spotted oligonucleotide"	"Homo sapiens"	22120	3	1	"Stephen W Edwards"	"Dec 17, 2003"
GPL690	"Rosetta (Merck) Genome Tiling Experiment PatternID 850"	"spotted oligonucleotide"	"Homo sapiens"	22120	3	1	"Stephen W Edwards"	"Dec 17, 2003"
GPL691	"Rosetta (Merck) Genome Tiling Experiment PatternID 851"	"spotted oligonucleotide"	"Homo sapiens"	22120	3	1	"Stephen W Edwards"	"Dec 17, 2003"
GPL692	"Rosetta (Merck) Genome Tiling Experiment PatternID 852"	"spotted oligonucleotide"	"Homo sapiens"	22120	3	1	"Stephen W Edwards"	"Dec 17, 2003"
GPL693	"Rosetta (Merck) Genome Tiling Experiment PatternID 853"	"spotted oligonucleotide"	"Homo sapiens"	22120	3	1	"Stephen W Edwards"	"Dec 17, 2003"
GPL694	"Rosetta (Merck) Genome Tiling Experiment PatternID 854"	"spotted oligonucleotide"	"Homo sapiens"	22120	3	1	"Stephen W Edwards"	"Dec 17, 2003"
GPL695	"Rosetta (Merck) Genome Tiling Experiment PatternID 855"	"spotted oligonucleotide"	"Homo sapiens"	22120	3	1	"Stephen W Edwards"	"Dec 17, 2003"
GPL696	"Rosetta (Merck) Genome Tiling Experiment PatternID 856"	"spotted oligonucleotide"	"Homo sapiens"	22120	3	1	"Stephen W Edwards"	"Dec 17, 2003"
GPL697	"Rosetta (Merck) Genome Tiling Experiment PatternID 857"	"spotted oligonucleotide"	"Homo sapiens"	22120	3	1	"Stephen W Edwards"	"Dec 17, 2003"
GPL698	"Rosetta (Merck) Genome Tiling Experiment PatternID 858"	"spotted oligonucleotide"	"Homo sapiens"	22120	3	1	"Stephen W Edwards"	"Dec 17, 2003"
GPL699	"Rosetta (Merck) Genome Tiling Experiment PatternID 859"	"spotted oligonucleotide"	"Homo sapiens"	22120	3	1	"Stephen W Edwards"	"Dec 17, 2003"
GPL700	"Rosetta (Merck) Genome Tiling Experiment PatternID 860"	"spotted oligonucleotide"	"Homo sapiens"	22120	3	1	"Stephen W Edwards"	"Dec 17, 2003"
GPL701	"Rosetta (Merck) Genome Tiling Experiment PatternID 861"	"spotted oligonucleotide"	"Homo sapiens"	22120	3	1	"Stephen W Edwards"	"Dec 17, 2003"
GPL702	"Rosetta (Merck) Genome Tiling Experiment PatternID 862"	"spotted oligonucleotide"	"Homo sapiens"	22120	3	1	"Stephen W Edwards"	"Dec 17, 2003"
GPL703	"Rosetta (Merck) Genome Tiling Experiment PatternID 863"	"spotted oligonucleotide"	"Homo sapiens"	22120	3	1	"Stephen W Edwards"	"Dec 17, 2003"
GPL704	"Rosetta (Merck) Genome Tiling Experiment PatternID 864"	"spotted oligonucleotide"	"Homo sapiens"	22120	3	1	"Stephen W Edwards"	"Dec 17, 2003"
GPL705	"Rosetta (Merck) Genome Tiling Experiment PatternID 865"	"spotted oligonucleotide"	"Homo sapiens"	22120	3	1	"Stephen W Edwards"	"Dec 17, 2003"
GPL706	"Rosetta (Merck) Genome Tiling Experiment PatternID 866"	"spotted oligonucleotide"	"Homo sapiens"	22120	3	1	"Stephen W Edwards"	"Dec 17, 2003"
GPL707	"Rosetta (Merck) Genome Tiling Experiment PatternID 867"	"spotted oligonucleotide"	"Homo sapiens"	22120	3	1	"Stephen W Edwards"	"Dec 17, 2003"
GPL708	"Rosetta (Merck) Genome Tiling Experiment PatternID 868"	"spotted oligonucleotide"	"Homo sapiens"	22120	3	1	"Stephen W Edwards"	"Dec 17, 2003"
GPL709	"Rosetta (Merck) Genome Tiling Experiment PatternID 869"	"spotted oligonucleotide"	"Homo sapiens"	22120	3	1	"Stephen W Edwards"	"Dec 17, 2003"
GPL710	"Rosetta (Merck) Genome Tiling Experiment PatternID 870"	"spotted oligonucleotide"	"Homo sapiens"	22120	3	1	"Stephen W Edwards"	"Dec 17, 2003"
GPL711	"Rosetta (Merck) Genome Tiling Experiment PatternID 871"	"spotted oligonucleotide"	"Homo sapiens"	22120	3	1	"Stephen W Edwards"	"Dec 17, 2003"
GPL712	"Rosetta (Merck) Genome Tiling Experiment PatternID 872"	"spotted oligonucleotide"	"Homo sapiens"	22120	3	1	"Stephen W Edwards"	"Dec 17, 2003"
GPL713	"Rosetta (Merck) Genome Tiling Experiment PatternID 873"	"spotted oligonucleotide"	"Homo sapiens"	22120	3	1	"Stephen W Edwards"	"Dec 17, 2003"
GPL714	"Rosetta (Merck) Genome Tiling Experiment PatternID 874"	"spotted oligonucleotide"	"Homo sapiens"	21478	3	1	"Stephen W Edwards"	"Dec 17, 2003"
GPL715	"Rosetta (Merck) Genome Tiling Experiment PatternID 875"	"spotted oligonucleotide"	"Homo sapiens"	22120	3	1	"Stephen W Edwards"	"Dec 17, 2003"
GPL716	"Rosetta (Merck) Genome Tiling Experiment PatternID 876"	"spotted oligonucleotide"	"Homo sapiens"	22120	3	1	"Stephen W Edwards"	"Dec 17, 2003"
GPL717	"Rosetta (Merck) Genome Tiling Experiment PatternID 877"	"spotted oligonucleotide"	"Homo sapiens"	22120	3	1	"Stephen W Edwards"	"Dec 17, 2003"
GPL718	"Rosetta (Merck) Genome Tiling Experiment PatternID 878"	"spotted oligonucleotide"	"Homo sapiens"	22120	3	1	"Stephen W Edwards"	"Dec 17, 2003"
GPL719	"Rosetta (Merck) Genome Tiling Experiment PatternID 879"	"spotted oligonucleotide"	"Homo sapiens"	22120	3	1	"Stephen W Edwards"	"Dec 17, 2003"
GPL720	"Rosetta (Merck) Genome Tiling Experiment PatternID 880"	"spotted oligonucleotide"	"Homo sapiens"	22120	3	1	"Stephen W Edwards"	"Dec 17, 2003"
GPL721	"Rosetta (Merck) Genome Tiling Experiment PatternID 881"	"spotted oligonucleotide"	"Homo sapiens"	22120	3	1	"Stephen W Edwards"	"Dec 17, 2003"
GPL722	"Rosetta (Merck) Genome Tiling Experiment PatternID 882"	"spotted oligonucleotide"	"Homo sapiens"	22120	3	1	"Stephen W Edwards"	"Dec 17, 2003"
GPL723	"Rosetta (Merck) Genome Tiling Experiment PatternID 883"	"spotted oligonucleotide"	"Homo sapiens"	22120	3	1	"Stephen W Edwards"	"Dec 17, 2003"
GPL724	"Rosetta (Merck) Genome Tiling Experiment PatternID 884"	"spotted oligonucleotide"	"Homo sapiens"	22120	3	1	"Stephen W Edwards"	"Dec 17, 2003"
GPL725	"Rosetta (Merck) Genome Tiling Experiment PatternID 885"	"spotted oligonucleotide"	"Homo sapiens"	22120	3	1	"Stephen W Edwards"	"Dec 17, 2003"
GPL726	"Rosetta (Merck) Genome Tiling Experiment PatternID 886"	"spotted oligonucleotide"	"Homo sapiens"	22120	3	1	"Stephen W Edwards"	"Dec 17, 2003"
GPL727	"Rosetta (Merck) Genome Tiling Experiment PatternID 887"	"spotted oligonucleotide"	"Homo sapiens"	22120	3	1	"Stephen W Edwards"	"Dec 17, 2003"
GPL728	"Rosetta (Merck) Genome Tiling Experiment PatternID 888"	"spotted oligonucleotide"	"Homo sapiens"	22120	3	1	"Stephen W Edwards"	"Dec 17, 2003"
GPL729	"Rosetta (Merck) Genome Tiling Experiment PatternID 889"	"spotted oligonucleotide"	"Homo sapiens"	21632	3	1	"Stephen W Edwards"	"Dec 17, 2003"
GPL730	"Rosetta (Merck) Genome Tiling Experiment PatternID 890"	"spotted oligonucleotide"	"Homo sapiens"	21070	3	1	"Stephen W Edwards"	"Dec 17, 2003"
GPL731	"Rosetta (Merck) Genome Tiling Experiment PatternID 891"	"spotted oligonucleotide"	"Homo sapiens"	22120	3	1	"Stephen W Edwards"	"Dec 17, 2003"
GPL732	"Rosetta (Merck) Genome Tiling Experiment PatternID 892"	"spotted oligonucleotide"	"Homo sapiens"	22120	3	1	"Stephen W Edwards"	"Dec 17, 2003"
GPL733	"Rosetta (Merck) Genome Tiling Experiment PatternID 893"	"spotted oligonucleotide"	"Homo sapiens"	22120	3	1	"Stephen W Edwards"	"Dec 17, 2003"
GPL734	"Rosetta (Merck) Genome Tiling Experiment PatternID 894"	"spotted oligonucleotide"	"Homo sapiens"	21806	3	1	"Stephen W Edwards"	"Dec 17, 2003"
GPL735	"Rosetta (Merck) Genome Tiling Experiment PatternID 895"	"spotted oligonucleotide"	"Homo sapiens"	22120	3	1	"Stephen W Edwards"	"Dec 17, 2003"
GPL736	"Rosetta (Merck) Genome Tiling Experiment PatternID 896"	"spotted oligonucleotide"	"Homo sapiens"	22120	3	1	"Stephen W Edwards"	"Dec 17, 2003"
GPL740	"GenomeWideEVG_MRK2200"	"spotted oligonucleotide"	"Homo sapiens"	13604	30	1	"Stephen W Edwards"	"Dec 17, 2003"
GPL741	"GenomeWideEVG_MRK2201"	"spotted oligonucleotide"	"Homo sapiens"	13749	30	1	"Stephen W Edwards"	"Dec 17, 2003"
GPL742	"GenomeWideEVG_MRK2202"	"spotted oligonucleotide"	"Homo sapiens"	13644	30	1	"Stephen W Edwards"	"Dec 17, 2003"
GPL743	"GenomeWideEVG_MRK2203"	"spotted oligonucleotide"	"Homo sapiens"	8949	30	1	"Stephen W Edwards"	"Dec 17, 2003"
GPL744	"GenomeWideEVG_MRK2204"	"spotted oligonucleotide"	"Homo sapiens"	13712	30	1	"Stephen W Edwards"	"Dec 17, 2003"
GPL745	"GenomeWideEVG_MRK2205"	"spotted oligonucleotide"	"Homo sapiens"	13734	30	1	"Stephen W Edwards"	"Dec 17, 2003"
GPL746	"GenomeWideEVG_MRK2206"	"spotted oligonucleotide"	"Homo sapiens"	13829	30	1	"Stephen W Edwards"	"Dec 17, 2003"
GPL747	"GenomeWideEVG_MRK2207"	"spotted oligonucleotide"	"Homo sapiens"	11162	30	1	"Stephen W Edwards"	"Dec 17, 2003"
GPL748	"GenomeWideEVG_MRK2208"	"spotted oligonucleotide"	"Homo sapiens"	8814	30	1	"Stephen W Edwards"	"Dec 17, 2003"
GPL749	"GenomeWideEVG_MRK2209"	"spotted oligonucleotide"	"Homo sapiens"	8783	27	1	"Stephen W Edwards"	"Dec 17, 2003"
GPL750	"GenomeWideEVG_MRK2210"	"spotted oligonucleotide"	"Homo sapiens"	8746	30	1	"Stephen W Edwards"	"Dec 17, 2003"
GPL751	"GenomeWideEVG_MRK2211"	"spotted oligonucleotide"	"Homo sapiens"	8927	30	1	"Stephen W Edwards"	"Dec 17, 2003"
GPL752	"GenomeWideEVG_MRK2212"	"spotted oligonucleotide"	"Homo sapiens"	9097	30	1	"Stephen W Edwards"	"Dec 17, 2003"
GPL753	"GenomeWideEVG_MRK2213"	"spotted oligonucleotide"	"Homo sapiens"	8649	28	1	"Stephen W Edwards"	"Dec 17, 2003"
GPL754	"GenomeWideEVG_MRK2214"	"spotted oligonucleotide"	"Homo sapiens"	8743	30	1	"Stephen W Edwards"	"Dec 17, 2003"
GPL755	"GenomeWideEVG_MRK2215"	"spotted oligonucleotide"	"Homo sapiens"	8799	30	1	"Stephen W Edwards"	"Dec 17, 2003"
GPL756	"GenomeWideEVG_MRK2216"	"spotted oligonucleotide"	"Homo sapiens"	8995	30	1	"Stephen W Edwards"	"Dec 17, 2003"
GPL757	"GenomeWideEVG_MRK2217"	"spotted oligonucleotide"	"Homo sapiens"	8945	30	1	"Stephen W Edwards"	"Dec 17, 2003"
GPL758	"GenomeWideEVG_MRK2218"	"spotted oligonucleotide"	"Homo sapiens"	3795	30	1	"Stephen W Edwards"	"Dec 17, 2003"
GPL759	"GenomeWideEVG_MRK2219"	"spotted oligonucleotide"	"Homo sapiens"	8768	30	1	"Stephen W Edwards"	"Dec 17, 2003"
GPL490	"GeneTrack® Human cDNA chip 7.5k"	"spotted DNA/cDNA"	"Homo sapiens"	7399	132	1	"Jin-Soo Kim"	"Dec 12, 2003"
GPL350	"UHN Microarray Centre - Human 19K 3 (Part A)"	"spotted DNA/cDNA"	"Homo sapiens"	19200	47	6	"Felix M. Mesak"	"Dec 07, 2003"
GPL351	"UHN Microarray Centre - Human 19K 3 (Part B)"	"spotted DNA/cDNA"	"Homo sapiens"	19200	47	6	"Felix M. Mesak"	"Dec 07, 2003"
GPL353	"UHN Microarray Centre – Human 19K 2ii (Part A)"	"spotted DNA/cDNA"	"Homo sapiens"	19200	3	2	"Felix M. Mesak"	"Dec 07, 2003"
GPL354	"UHN Microarray Centre – Human 19K 2ii (Part B)"	"spotted DNA/cDNA"	"Homo sapiens"	19200	3	2	"Felix M. Mesak"	"Dec 07, 2003"
GPL349	"NMC 7.7k duplicate human cDNA arrays, 020617"	"spotted DNA/cDNA"	"Homo sapiens"	15488	0	0	"Kristin Nørsett"	"Dec 06, 2003"
GPL506	"Sanger human ver 1"	"spotted DNA/cDNA"	"Homo sapiens"	9928	221	9	"Kristine Hardy"	"Dec 01, 2003"
GPL367	"Rheumatoid Arthritis platform"	"spotted DNA/cDNA"	"Homo sapiens"	13537	21	2	"El Houdaigui Fatiha"	"Nov 30, 2003"
GPL555	"angiogenesis"	"spotted DNA/cDNA"	"Homo sapiens"	20800	18	5	"Anna Tsykin"	"Nov 25, 2003"
GPL371	"Incyte Gene Album Arrays 1-6 - public clones"	"spotted DNA/cDNA"	"Homo sapiens"	37331	15	1	"Terrill K. McClanahan"	"Nov 13, 2003"
GPL570	"[HG-U133_Plus_2] Affymetrix Human Genome U133 Plus 2.0 Array"	"in situ oligonucleotide"	"Homo sapiens"	54675	147962	5124	"Affymetrix, Inc."	"Nov 07, 2003"
GPL571	"[HG-U133A_2] Affymetrix Human Genome U133A 2.0 Array"	"in situ oligonucleotide"	"Homo sapiens"	22277	23073	603	"Affymetrix, Inc."	"Nov 07, 2003"
GPL561	"Abeta-activated Microglia Part 1"	"spotted DNA/cDNA"	"Homo sapiens"	28800	71	1	"Scott Curtis Lohr"	"Oct 29, 2003"
GPL562	"Abeta-activated Microglia Part 2"	"spotted DNA/cDNA"	"Homo sapiens"	28800	72	1	"Scott Curtis Lohr"	"Oct 29, 2003"
GPL549	"Atlas Human Cardiovascular Array (Cat. #7734-1)"	"spotted DNA/cDNA"	"Homo sapiens"	597	17	2	"BD Biosciences Clontech"	"Oct 18, 2003"
GPL538	"Research Genetics (Invitrogen) - GF211 Microarray Filter"	"spotted DNA/cDNA"	"Homo sapiens"	4132	249	13	"ResGen/Invitrogen Corporation"	"Oct 10, 2003"
GPL520	"MWG Human 10k Array A"	"spotted oligonucleotide"	"Homo sapiens"	10368	50	3	"MWG Biotech"	"Oct 07, 2003"
GPL521	"MWG Human 10k Array B"	"spotted oligonucleotide"	"Homo sapiens"	10368	0	0	"MWG Biotech"	"Oct 07, 2003"
GPL522	"MWG Human 10k Array C"	"spotted oligonucleotide"	"Homo sapiens"	10368	0	0	"MWG Biotech"	"Oct 07, 2003"
GPL523	"MWG Human Cancer Array"	"spotted oligonucleotide"	"Homo sapiens"	1920	0	0	"MWG Biotech"	"Oct 07, 2003"
GPL524	"MWG Chromosome 21 Array"	"spotted oligonucleotide"	"Homo sapiens"	540	0	0	"MWG Biotech"	"Oct 07, 2003"
GPL511	"Hitachi AceGene subset A"	"spotted oligonucleotide"	"Homo sapiens"	10800	2	2	"Motoyuki Otsuka"	"Sep 29, 2003"
GPL486	"Incyte Human UniGEM V 1.0 (GEM-5100, UniGene build 75)"	"spotted DNA/cDNA"	"Homo sapiens"	7267	1	1	"Lilia Maglova-Crowe"	"Sep 20, 2003"
GPL487	"Incyte Human UniGEM V 2.0 (GEM-5112)"	"spotted DNA/cDNA"	"Homo sapiens"	9374	2	1	"Lilia Maglova-Crowe"	"Sep 20, 2003"
GPL355	"Human 10K cDNA Array"	"spotted DNA/cDNA"	"Homo sapiens"	10692	33	1	"Khew-Voon Chin"	"Sep 01, 2003"
GPL262	"Res Gen Human"	"spotted DNA/cDNA"	"Homo sapiens"	4132	28	4	"Susan Keay"	"Aug 24, 2003"
GPL373	"GeneTrack® Human cDNA chip HSVC303"	"spotted DNA/cDNA"	"Homo sapiens"	7399	1	1	"Park Jinwoo"	"Aug 05, 2003"
GPL364	"AECOM 5H series"	"spotted DNA/cDNA"	"Homo sapiens"	8064	0	0	"Weijia Zhang"	"Jul 22, 2003"
GPL365	"AECOM H1 series"	"spotted DNA/cDNA"	"Homo sapiens"	8976	0	0	"Weijia Zhang"	"Jul 22, 2003"
GPL284	"Human UniGene Set RZPD 1"	"spotted DNA/cDNA"	"Homo sapiens"	34560	74	5	"Nancy Mah"	"Jul 08, 2003"
GPL335	"Incyte Human UniGEM V .14"	"spotted DNA/cDNA"	"Homo sapiens"	7166	1	1	"Khurram S Rehman"	"Jun 28, 2003"
GPL345	"H10K(Incyte Human Unigene 1)"	"spotted DNA/cDNA"	"Homo sapiens"	11856	0	0	"Deanna Cole Naeve"	"Jun 25, 2003"
GPL271	"LC-17"	"spotted DNA/cDNA"	"Homo sapiens"	28032	66	1	"Xin Chen"	"Jun 17, 2003"
GPL272	"LC-20"	"spotted DNA/cDNA"	"Homo sapiens"	37632	1	1	"Xin Chen"	"Jun 17, 2003"
GPL334	"Human 10K - Wellcome Trust Sanger Institute"	"spotted DNA/cDNA"	"Homo sapiens"	9984	72	3	"Andrea Pellagatti"	"Jun 06, 2003"
GPL316	"Human 18K set (8.13.2001)"	"spotted DNA/cDNA"	"Homo sapiens"	17754	0	0	"Andrei Mikheev"	"May 21, 2003"
GPL322	"H1 (Incyte Human Unigene 1)"	"spotted DNA/cDNA"	"Homo sapiens"	11552	0	0	"Deanna Cole Naeve"	"May 15, 2003"
GPL312	"GF200 (ResGen)"	"spotted DNA/cDNA"	"Homo sapiens"	5544	15	2	"Jo Ann S. Rinaudo"	"May 06, 2003"
GPL310	"Genes significantly modified in Gestational Diabetes"	"spotted DNA/cDNA"	"Homo sapiens"	435	1	1	"Sylvie Hauguel-de Mouzon"	"Apr 30, 2003"
GPL292	"MWG Human 30k Array A"	"spotted oligonucleotide"	"Homo sapiens"	10368	8	1	"Silvio Bicciato"	"Apr 24, 2003"
GPL257	"NCI_UniGEM2_HCC"	"spotted DNA/cDNA"	"Homo sapiens"	9984	103	2	"Xin Wei Wang"	"Apr 02, 2003"
GPL230	"UP_5Ka"	"spotted DNA/cDNA"	"Homo sapiens"	11520	70	1	"Michael Patrick Morley"	"Mar 31, 2003"
GPL273	"UCSF 3OPHs version 1 human long oligo array"	"spotted oligonucleotide"	"Homo sapiens"	14001	14	1	"David J Erle"	"Mar 18, 2003"
GPL274	"UCSF 4Hs version 2 human long oligo array"	"spotted oligonucleotide"	"Homo sapiens"	21341	4	1	"David J Erle"	"Mar 18, 2003"
GPL268	"ACF_SGF_CEA"	"spotted DNA/cDNA"	"Homo sapiens"	4800	4	1	"Jerome Lamartine"	"Mar 11, 2003"
GPL222	"HCI human"	"spotted DNA/cDNA"	"Homo sapiens"	4608	6	1	"K C Malcolm"	"Mar 07, 2003"
GPL263	"ACG_SGF_CEA"	"spotted DNA/cDNA"	"Homo sapiens"	2496	5	1	"Jerome Lamartine"	"Mar 07, 2003"
GPL261	"ADR_SGF_CEA"	"spotted DNA/cDNA"	"Homo sapiens"	5760	5	1	"Jerome Lamartine"	"Mar 06, 2003"
GPL258	"ACX_SGF_CEA"	"spotted DNA/cDNA"	"Homo sapiens"	2496	9	2	"Jerome Lamartine"	"Mar 05, 2003"
GPL259	"ADQ_SGF_CEA"	"spotted DNA/cDNA"	"Homo sapiens"	2400	7	3	"Jerome Lamartine"	"Mar 05, 2003"
GPL217	"Endothelial Cell Chip"	"spotted DNA/cDNA"	"Homo sapiens"	1248	66	1	"Jennifer King"	"Feb 18, 2003"
GPL247	"ISREC-HU10Kb"	"spotted DNA/cDNA"	"Homo sapiens"	10368	2	1	"Richard Iggo"	"Feb 12, 2003"
GPL246	"Affymetrix GeneChip Custom-Made Muscle Chip"	"spotted oligonucleotide"	"Homo sapiens"	4653	63	4	"Eric Hoffman"	"Feb 10, 2003"
GPL191	"Sigma Genosys Panorama Human Apoptosis Gene Array"	"spotted DNA/cDNA"	"Homo sapiens"	216	0	0	"Sigma-Genosys"	"Dec 20, 2002"
GPL192	"Sigma Genosys Panorama Human Cytokine Gene Array"	"spotted DNA/cDNA"	"Homo sapiens"	398	0	0	"Sigma-Genosys"	"Dec 20, 2002"
GPL193	"Sigma Genosys Panorama Human Cytokine Gene Array Version 2"	"spotted DNA/cDNA"	"Homo sapiens"	862	74	3	"Sigma-Genosys"	"Nov 10, 2002"
GPL120	"Ab Microarray 380 (Cat. #K1847-1)"	"antibody"	"Homo sapiens"	768	4	1	"BD Biosciences Clontech"	"Oct 01, 2002"
GPL121	"Atlas Glass Human 1.0 Array (Cat. #7900-1)"	"spotted oligonucleotide"	"Homo sapiens"	1090	19	3	"BD Biosciences Clontech"	"Oct 01, 2002"
GPL122	"Atlas Glass Human 3.8 I Microarray (Cat. #7903-1 & 7904-1)"	"spotted oligonucleotide"	"Homo sapiens"	3757	0	0	"BD Biosciences Clontech"	"Oct 01, 2002"
GPL123	"Atlas Glass Human 3.8 II Microarray (Cat. #7910-1)"	"spotted oligonucleotide"	"Homo sapiens"	3757	0	0	"BD Biosciences Clontech"	"Oct 01, 2002"
GPL127	"Atlas Human 1.2 Array (Cat. #7850-1)"	"spotted DNA/cDNA"	"Homo sapiens"	1185	187	7	"BD Biosciences Clontech"	"Oct 01, 2002"
GPL128	"Atlas Human 1.2 Array II (Cat. #7852-1)"	"spotted DNA/cDNA"	"Homo sapiens"	1185	19	3	"BD Biosciences Clontech"	"Oct 01, 2002"
GPL129	"Atlas Human 1.2 Array III (Cat. #7855-1)"	"spotted DNA/cDNA"	"Homo sapiens"	1185	3	1	"BD Biosciences Clontech"	"Oct 01, 2002"
GPL130	"Atlas Human Apoptosis Array (Cat. #7743-1)"	"spotted DNA/cDNA"	"Homo sapiens"	214	6	1	"BD Biosciences Clontech"	"Oct 01, 2002"
GPL131	"Atlas Human Cancer 1.2 Array (Cat. #7851-1)"	"spotted DNA/cDNA"	"Homo sapiens"	1185	117	5	"BD Biosciences Clontech"	"Oct 01, 2002"
GPL132	"Atlas Human Cancer cDNA Expression Array (Cat. #7742-1)"	"spotted DNA/cDNA"	"Homo sapiens"	597	0	0	"BD Biosciences Clontech"	"Oct 01, 2002"
GPL134	"Atlas Human Cell Cycle Array (Cat. #7748-1)"	"spotted DNA/cDNA"	"Homo sapiens"	120	0	0	"BD Biosciences Clontech"	"Oct 01, 2002"
GPL135	"Atlas Human Cell Interaction Array (Cat. #7746-1)"	"spotted DNA/cDNA"	"Homo sapiens"	274	0	0	"BD Biosciences Clontech"	"Oct 01, 2002"
GPL136	"Atlas Human Cytokine and Receptor Array (Cat. #7744-1)"	"spotted DNA/cDNA"	"Homo sapiens"	277	0	0	"BD Biosciences Clontech"	"Oct 01, 2002"
GPL137	"Atlas Human Hematology and Immunology Array (Cat. #7737-1)"	"spotted DNA/cDNA"	"Homo sapiens"	415	0	0	"BD Biosciences Clontech"	"Oct 01, 2002"
GPL138	"Atlas Human Neurobiology Array (Cat. #7736-1)"	"spotted DNA/cDNA"	"Homo sapiens"	597	0	0	"BD Biosciences Clontech"	"Oct 01, 2002"
GPL139	"Atlas Human Oncogene and Tumor Suppressor Array (Cat. #7745-1)"	"spotted DNA/cDNA"	"Homo sapiens"	199	56	1	"BD Biosciences Clontech"	"Oct 01, 2002"
GPL140	"Atlas Human Stress Array (Cat. #7747-1)"	"spotted DNA/cDNA"	"Homo sapiens"	243	21	4	"BD Biosciences Clontech"	"Oct 01, 2002"
GPL141	"Atlas Human Toxicology 1.2 Array (Cat. #7859-1)"	"spotted DNA/cDNA"	"Homo sapiens"	1185	0	0	"BD Biosciences Clontech"	"Oct 01, 2002"
GPL142	"Atlas Human Toxicology Array II (Cat. #7733-1)"	"spotted DNA/cDNA"	"Homo sapiens"	597	0	0	"BD Biosciences Clontech"	"Oct 01, 2002"
GPL143	"Atlas Human cDNA Expression Array (Cat. #7740-1)"	"spotted DNA/cDNA"	"Homo sapiens"	597	61	2	"BD Biosciences Clontech"	"Oct 01, 2002"
GPL150	"Atlas Plastic Human 8K Microarray (Cat. #7905-1)"	"spotted oligonucleotide"	"Homo sapiens"	8354	0	0	"BD Biosciences Clontech"	"Oct 01, 2002"
GPL159	"Atlas Select Human Oncogene Array (Cat. #7831-1)"	"spotted DNA/cDNA"	"Homo sapiens"	587	0	0	"BD Biosciences Clontech"	"Oct 01, 2002"
GPL160	"Atlas Select Human Tumor Array (Cat. #7830-1)"	"spotted DNA/cDNA"	"Homo sapiens"	478	0	0	"BD Biosciences Clontech"	"Oct 01, 2002"
GPL201	"[HG-Focus] Affymetrix Human HG-Focus Target Array"	"in situ oligonucleotide"	"Homo sapiens"	8793	3860	80	"Affymetrix, Inc."	"Jul 18, 2002"
GPL167	"10k_Print3"	"spotted DNA/cDNA"	"Homo sapiens"	9984	65	2	"Stanford Microarray Database (SMD)"	"Jun 27, 2002"
GPL168	"10k_print1"	"spotted DNA/cDNA"	"Homo sapiens"	10176	3	3	"Stanford Microarray Database (SMD)"	"Jun 27, 2002"
GPL169	"10k_print2"	"spotted DNA/cDNA"	"Homo sapiens"	9984	24	6	"Stanford Microarray Database (SMD)"	"Jun 27, 2002"
GPL170	"5K"	"spotted DNA/cDNA"	"Homo sapiens"	5760	26	1	"Stanford Microarray Database (SMD)"	"Jun 27, 2002"
GPL171	"AB-11"	"antibody"	"Homo sapiens"	1152	12	3	"Stanford Microarray Database (SMD)"	"Jun 27, 2002"
GPL172	"AB-14"	"antibody"	"Homo sapiens"	1440	12	3	"Stanford Microarray Database (SMD)"	"Jun 27, 2002"
GPL173	"AB-8"	"antibody"	"Homo sapiens"	2304	6	2	"Stanford Microarray Database (SMD)"	"Jun 27, 2002"
GPL174	"LC-4b"	"spotted DNA/cDNA"	"Homo sapiens"	9216	31	1	"Stanford Microarray Database (SMD)"	"Jun 27, 2002"
GPL175	"LC-7b"	"spotted DNA/cDNA"	"Homo sapiens"	9216	59	2	"Stanford Microarray Database (SMD)"	"Jun 27, 2002"
GPL176	"LC-8"	"spotted DNA/cDNA"	"Homo sapiens"	18432	73	3	"Stanford Microarray Database (SMD)"	"Jun 27, 2002"
GPL177	"SHAD2"	"spotted DNA/cDNA"	"Homo sapiens"	24192	2	1	"Stanford Microarray Database (SMD)"	"Jun 27, 2002"
GPL178	"SHZ"	"spotted DNA/cDNA"	"Homo sapiens"	24192	76	5	"Stanford Microarray Database (SMD)"	"Jun 27, 2002"
GPL179	"SVA"	"spotted DNA/cDNA"	"Homo sapiens"	6720	12	3	"Stanford Microarray Database (SMD)"	"Jun 27, 2002"
GPL180	"SVC"	"spotted DNA/cDNA"	"Homo sapiens"	9216	100	8	"Stanford Microarray Database (SMD)"	"Jun 27, 2002"
GPL181	"SHS"	"spotted DNA/cDNA"	"Homo sapiens"	24192	17	2	"Stanford Microarray Database (SMD)"	"Jun 27, 2002"
GPL182	"SHV"	"spotted DNA/cDNA"	"Homo sapiens"	24192	37	6	"Stanford Microarray Database (SMD)"	"Jun 27, 2002"
GPL183	"SHAI2"	"spotted DNA/cDNA"	"Homo sapiens"	24192	11	1	"Stanford Microarray Database (SMD)"	"Jun 27, 2002"
GPL161	"UCSD BIOGEM Core Human Array"	"spotted DNA/cDNA"	"Homo sapiens"	9242	5	1	"Richard Rouse"	"May 09, 2002"
GPL104	"NIA Neuroarray"	"spotted DNA/cDNA"	"Homo sapiens"	1152	6	1	"Kevin G Becker"	"Apr 03, 2002"
GPL112	"NIA Signal Transduction Array"	"spotted DNA/cDNA"	"Homo sapiens"	1152	0	0	"Kevin G Becker"	"Apr 03, 2002"
GPL74	"[HC_G110] Affymetrix Human Cancer Array"	"in situ oligonucleotide"	"Homo sapiens"	2059	23	1	"Affymetrix, Inc."	"Mar 11, 2002"
GPL80	"[Hu6800] Affymetrix Human Full Length HuGeneFL Array"	"in situ oligonucleotide"	"Homo sapiens"	7129	1490	57	"Affymetrix, Inc."	"Mar 11, 2002"
GPL91	"[HG_U95A] Affymetrix Human Genome U95A Array"	"in situ oligonucleotide"	"Homo sapiens"	12626	1095	59	"Affymetrix, Inc."	"Mar 11, 2002"
GPL92	"[HG_U95B] Affymetrix Human Genome U95B Array"	"in situ oligonucleotide"	"Homo sapiens"	12620	513	15	"Affymetrix, Inc."	"Mar 11, 2002"
GPL93	"[HG_U95C] Affymetrix Human Genome U95C Array"	"in situ oligonucleotide"	"Homo sapiens"	12646	505	15	"Affymetrix, Inc."	"Mar 11, 2002"
GPL94	"[HG_U95D] Affymetrix Human Genome U95D Array"	"in situ oligonucleotide"	"Homo sapiens"	12644	194	8	"Affymetrix, Inc."	"Mar 11, 2002"
GPL95	"[HG_U95E] Affymetrix Human Genome U95E Array"	"in situ oligonucleotide"	"Homo sapiens"	12639	193	8	"Affymetrix, Inc."	"Mar 11, 2002"
GPL96	"[HG-U133A] Affymetrix Human Genome U133A Array"	"in situ oligonucleotide"	"Homo sapiens"	22283	40346	1095	"Affymetrix, Inc."	"Mar 11, 2002"
GPL97	"[HG-U133B] Affymetrix Human Genome U133B Array"	"in situ oligonucleotide"	"Homo sapiens"	22645	7917	165	"Affymetrix, Inc."	"Mar 11, 2002"
GPL98	"[Hu35KsubA] Affymetrix Human 35K SubA Array"	"in situ oligonucleotide"	"Homo sapiens"	8934	318	13	"Affymetrix, Inc."	"Mar 11, 2002"
GPL99	"[Hu35KsubB] Affymetrix Human 35K SubB Array"	"in situ oligonucleotide"	"Homo sapiens"	8924	10	11	"Affymetrix, Inc."	"Mar 11, 2002"
GPL100	"[Hu35KsubC] Affymetrix Human 35K SubC Array"	"in situ oligonucleotide"	"Homo sapiens"	8928	10	11	"Affymetrix, Inc."	"Mar 11, 2002"
GPL101	"[Hu35KsubD] Affymetrix Human 35K SubD Array"	"in situ oligonucleotide"	"Homo sapiens"	8928	10	11	"Affymetrix, Inc."	"Mar 11, 2002"
GPL28	"HumArray 1.14"	"spotted DNA/cDNA"	"Homo sapiens"	2463	61	2	"Donna G Albertson"	"Feb 12, 2002"
GPL44	"FHCRC Human 18K Array"	"spotted DNA/cDNA"	"Homo sapiens"	17588	39	6	"Lynn Graf"	"Feb 09, 2002"
GPL9	"Human Unigene I, part 1"	"spotted DNA/cDNA"	"Homo sapiens"	36864	218	2	"Wolfgang Huber"	"May 31, 2001"
GPL10	"Human Unigene I, part 2"	"spotted DNA/cDNA"	"Homo sapiens"	36864	218	2	"Wolfgang Huber"	"May 31, 2001"
GPL7	"NHGRI_Human_8K"	"spotted DNA/cDNA"	"Homo sapiens"	8192	38	1	"Michael Bittner"	"Jan 24, 2001"
GPL6	"SAGE:10:Sau3A:Homo sapiens"	"SAGE Sau3A"	"Homo sapiens"	210026	15	5	"GEO"	"Jan 04, 2001"
GPL4	"SAGE:10:NlaIII:Homo sapiens"	"SAGE NlaIII"	"Homo sapiens"	265577	580	58	"GEO"	"Sep 28, 2000"
